<?xml version="1.0" encoding="UTF-8"?>
<!DOCTYPE fontscolors PUBLIC "-//NetBeans//DTD Editor Fonts and Colors settings 1.1//EN" "http://www.netbeans.org/dtds/EditorFontsColors-1_1.dtd">
<fontscolors>
    <fontcolor foreColor="fff000f0" name="number"/>
    <fontcolor bgColor="white" name="default">
        <font name="Consolas" size="18" style="bold"/>
    </fontcolor>
    <fontcolor foreColor="blue" name="string"/>
    <fontcolor default="identifier" foreColor="ff974ec3" name="method">
        <font style="italic"/>
    </fontcolor>
    <fontcolor default="identifier" foreColor="ff008c00" name="field"/>
    <fontcolor foreColor="ffe0a000" name="char"/>
    <fontcolor foreColor="lightGray" name="comment">
        <font style="plain"/>
    </fontcolor>
    <fontcolor foreColor="red" name="separator"/>
    <fontcolor foreColor="red" name="operator"/>
</fontscolors>
