<?xml version="1.0" encoding="UTF-8"?>
<!DOCTYPE fontscolors PUBLIC "-//NetBeans//DTD Editor Fonts and Colors settings 1.1//EN" "http://www.netbeans.org/dtds/EditorFontsColors-1_1.dtd">
<fontscolors>
    <fontcolor foreColor="fffafafa" name="identifier"/>
    <fontcolor foreColor="ffb88ae6" name="number"/>
    <fontcolor bgColor="ff282a36" foreColor="ffa9b7c6" name="default">
        <font name="Consolas" size="18" style="bold"/>
    </fontcolor>
    <fontcolor default="identifier" foreColor="ff50fa65" name="method"/>
    <fontcolor foreColor="fffdee73" name="string">
        <font style="italic"/>
    </fontcolor>
    <fontcolor default="identifier" foreColor="ff6d72e8" name="field"/>
    <fontcolor default="keyword" foreColor="ffde7c3e" name="markup-element"/>
    <fontcolor foreColor="fffdee73" name="char"/>
    <fontcolor foreColor="ff576ba0" name="comment"/>
    <fontcolor foreColor="fffe78bb" name="keyword"/>
    <fontcolor foreColor="white" name="separator"/>
    <fontcolor foreColor="ffef79c6" name="operator"/>
</fontscolors>
